FULL_CODE,PAR_CODE,PAR_NAME,DUN_CODE,DUN_NAME,DM_CODE,DM_NAME,POPULATION
019/01/01,019,TUMPAT,01,PENGKALAN KUBOR,01,PENGKALAN KUBOR,2594
019/01/02,019,TUMPAT,01,PENGKALAN KUBOR,02,KAMPUNG KETIL,3415
019/01/03,019,TUMPAT,01,PENGKALAN KUBOR,03,KAMPUNG TEBING,1552
019/01/04,019,TUMPAT,01,PENGKALAN KUBOR,04,KAMPUNG GETING,3528
019/01/05,019,TUMPAT,01,PENGKALAN KUBOR,05,KEDAI GETING,1579
019/01/06,019,TUMPAT,01,PENGKALAN KUBOR,06,TUJOH,2978
019/01/07,019,TUMPAT,01,PENGKALAN KUBOR,07,SIMPANGAN,1643
019/01/08,019,TUMPAT,01,PENGKALAN KUBOR,08,JUBAKAR DARAT,1016
019/01/09,019,TUMPAT,01,PENGKALAN KUBOR,09,BUNOHAN,1524
019/01/10,019,TUMPAT,01,PENGKALAN KUBOR,10,TELAGA BATA,1745
019/01/11,019,TUMPAT,01,PENGKALAN KUBOR,11,KAMPUNG BENDANG PAK YONG,2937
019/01/12,019,TUMPAT,01,PENGKALAN KUBOR,12,KAMPUNG TELOK JERING,684
019/02/01,019,TUMPAT,02,KELABORAN,01,JUBAKAR PANTAI,2199
019/02/02,019,TUMPAT,02,KELABORAN,02,DALAM RHU,2482
019/02/03,019,TUMPAT,02,KELABORAN,03,BANDAR TUMPAT,2418
019/02/04,019,TUMPAT,02,KELABORAN,04,TANJONG KUALA,1636
019/02/05,019,TUMPAT,02,KELABORAN,05,KAMPUNG KELONG,837
019/02/06,019,TUMPAT,02,KELABORAN,06,PULAU BELURU,1892
019/02/07,019,TUMPAT,02,KELABORAN,07,SUNGAI PINANG,1372
019/02/08,019,TUMPAT,02,KELABORAN,08,MAK NERALANG,984
019/02/09,019,TUMPAT,02,KELABORAN,09,KAMPUNG BESUT,1455
019/02/10,019,TUMPAT,02,KELABORAN,10,KELABORAN,1742
019/02/11,019,TUMPAT,02,KELABORAN,11,TERBAK,2452
019/02/12,019,TUMPAT,02,KELABORAN,12,KAMPUNG BERANGAN,2325
019/02/13,019,TUMPAT,02,KELABORAN,13,KAMPUNG PADANG TEMBESU,2087
019/02/14,019,TUMPAT,02,KELABORAN,14,KAMPUNG PASIR PUTEH,934
019/03/01,019,TUMPAT,03,PASIR PEKAN,01,KOK PASIR,2298
019/03/02,019,TUMPAT,03,PASIR PEKAN,02,KOK KELI,2355
019/03/03,019,TUMPAT,03,PASIR PEKAN,03,KAMPUNG BENDANG PULAU,1228
019/03/04,019,TUMPAT,03,PASIR PEKAN,04,KAMPUNG LAUT,2291
019/03/05,019,TUMPAT,03,PASIR PEKAN,05,PALEKBANG,1420
019/03/06,019,TUMPAT,03,PASIR PEKAN,06,MORAK,2537
019/03/07,019,TUMPAT,03,PASIR PEKAN,07,PALOH,1850
019/03/08,019,TUMPAT,03,PASIR PEKAN,08,PASIR PEKAN HILIR,1482
019/03/09,019,TUMPAT,03,PASIR PEKAN,09,KAMPUNG DALAM KOTA KUBANG LABU,2263
019/03/10,019,TUMPAT,03,PASIR PEKAN,10,KAMPUNG BHARU SUNGAI,1802
019/03/11,019,TUMPAT,03,PASIR PEKAN,11,PASIR PEKAN,2330
019/03/12,019,TUMPAT,03,PASIR PEKAN,12,KUTAN,3464
019/04/01,019,TUMPAT,04,WAKAF BHARU,01,CHERANG MELINTANG,887
019/04/02,019,TUMPAT,04,WAKAF BHARU,02,CHABANG EMPAT,2265
019/04/03,019,TUMPAT,04,WAKAF BHARU,03,KAMPUNG PERIOK,1737
019/04/04,019,TUMPAT,04,WAKAF BHARU,04,BUNUT SARANG BURONG,1696
019/04/05,019,TUMPAT,04,WAKAF BHARU,05,KEBAKAT,2113
019/04/06,019,TUMPAT,04,WAKAF BHARU,06,CHENDERONG BATU,2603
019/04/07,019,TUMPAT,04,WAKAF BHARU,07,KAMPUNG KUBANG BATANG,1993
019/04/08,019,TUMPAT,04,WAKAF BHARU,08,KAMPUNG JAL BESAR,1622
019/04/09,019,TUMPAT,04,WAKAF BHARU,09,KAMPUNG TOK OH,1129
019/04/10,019,TUMPAT,04,WAKAF BHARU,10,JAL KECHIL,1293
019/04/11,019,TUMPAT,04,WAKAF BHARU,11,WAKAF DELIMA,2182
019/04/12,019,TUMPAT,04,WAKAF BHARU,12,KAMPUNG BELUKAR,1394
019/04/13,019,TUMPAT,04,WAKAF BHARU,13,WAKAF BHARU KEDAI,2674
019/04/14,019,TUMPAT,04,WAKAF BHARU,14,ALOR PASIR,2400
020/05/01,020,PENGKALAN CHEPA,05,SEMUT API,01,PULAU PISANG,3092
020/05/02,020,PENGKALAN CHEPA,05,SEMUT API,02,PULAU KUNDOR,1492
020/05/03,020,PENGKALAN CHEPA,05,SEMUT API,03,SEMUT API,2883
020/05/04,020,PENGKALAN CHEPA,05,SEMUT API,04,CHE DERIS,2656
020/05/05,020,PENGKALAN CHEPA,05,SEMUT API,05,TANJONG BAHARU,1237
020/05/06,020,PENGKALAN CHEPA,05,SEMUT API,06,KAMPUNG PULAU PANJANG,4399
020/05/07,020,PENGKALAN CHEPA,05,SEMUT API,07,TELOK KITANG,993
020/05/08,020,PENGKALAN CHEPA,05,SEMUT API,08,TEBING TINGGI,1278
020/05/09,020,PENGKALAN CHEPA,05,SEMUT API,09,SABAK,1655
020/05/10,020,PENGKALAN CHEPA,05,SEMUT API,10,TAMAN KEMUMIN,3025
020/06/01,020,PENGKALAN CHEPA,06,CHEMPAKA,01,KEDAI BULOH,3445
020/06/02,020,PENGKALAN CHEPA,06,CHEMPAKA,02,KIJANG,2053
020/06/03,020,PENGKALAN CHEPA,06,CHEMPAKA,03,BANGGOL,2485
020/06/04,020,PENGKALAN CHEPA,06,CHEMPAKA,04,TIKAT,757
020/06/05,020,PENGKALAN CHEPA,06,CHEMPAKA,05,KAMPUNG PENAMBANG,2294
020/06/06,020,PENGKALAN CHEPA,06,CHEMPAKA,06,BAUNG,2754
020/06/07,020,PENGKALAN CHEPA,06,CHEMPAKA,07,SIMPANG TIGA PENGKALAN CHEPA,1482
020/06/08,020,PENGKALAN CHEPA,06,CHEMPAKA,08,PENGKALAN NANGKA,915
020/06/09,020,PENGKALAN CHEPA,06,CHEMPAKA,09,CHEMPAKA,3556
020/06/10,020,PENGKALAN CHEPA,06,CHEMPAKA,10,TAPANG,2143
020/07/01,020,PENGKALAN CHEPA,07,PANCHOR,01,PULAU GAJAH,1356
020/07/02,020,PENGKALAN CHEPA,07,PANCHOR,02,KEMUMIN,2152
020/07/03,020,PENGKALAN CHEPA,07,PANCHOR,03,PADANG TEMBAK,3004
020/07/04,020,PENGKALAN CHEPA,07,PANCHOR,04,PANCHOR,2626
020/07/05,020,PENGKALAN CHEPA,07,PANCHOR,05,PANJI,1851
020/07/06,020,PENGKALAN CHEPA,07,PANCHOR,06,KAMPUNG BELUKAR,2145
020/07/07,020,PENGKALAN CHEPA,07,PANCHOR,07,PASIR TOK KAMBING,841
020/07/08,020,PENGKALAN CHEPA,07,PANCHOR,08,TOK KU,2066
020/07/09,020,PENGKALAN CHEPA,07,PANCHOR,09,PULAU BELANGA,1878
020/07/10,020,PENGKALAN CHEPA,07,PANCHOR,10,SERING,1928
020/07/11,020,PENGKALAN CHEPA,07,PANCHOR,11,PASIR KASAR,1295
021/08/01,021,KOTA BHARU,08,TANJONG MAS,01,KOK PASIR,2699
021/08/02,021,KOTA BHARU,08,TANJONG MAS,02,TANJONG MAS,3987
021/08/03,021,KOTA BHARU,08,TANJONG MAS,03,KHATIB ALI,3986
021/08/04,021,KOTA BHARU,08,TANJONG MAS,04,ISLAH LAMA,2063
021/08/05,021,KOTA BHARU,08,TANJONG MAS,05,KAMPUNG DUSUN,2947
021/08/06,021,KOTA BHARU,08,TANJONG MAS,06,PAYA BEMBAN,2287
021/08/07,021,KOTA BHARU,08,TANJONG MAS,07,CHERANG,4084
021/08/08,021,KOTA BHARU,08,TANJONG MAS,08,KAMPUNG BAYAM,2826
021/08/09,021,KOTA BHARU,08,TANJONG MAS,09,LANGGAR,2630
021/08/10,021,KOTA BHARU,08,TANJONG MAS,10,HUDA,1826
021/09/01,021,KOTA BHARU,09,KOTA LAMA,01,TANJONG CHAT,982
021/09/02,021,KOTA BHARU,09,KOTA LAMA,02,WAKAF MEK ZAINAB,3714
021/09/03,021,KOTA BHARU,09,KOTA LAMA,03,SUNGAI KELADI,1462
021/09/04,021,KOTA BHARU,09,KOTA LAMA,04,KAMPUNG CHINA,1493
021/09/05,021,KOTA BHARU,09,KOTA LAMA,05,KUBANG PASU,2132
021/09/06,021,KOTA BHARU,09,KOTA LAMA,06,KELOCHOR,1669
021/09/07,021,KOTA BHARU,09,KOTA LAMA,07,KEBUN SULTAN,2343
021/09/08,021,KOTA BHARU,09,KOTA LAMA,08,MERBAU,2634
021/09/09,021,KOTA BHARU,09,KOTA LAMA,09,ATAS BANGGOL,1735
021/09/10,021,KOTA BHARU,09,KOTA LAMA,10,JALAN PEJABAT POS LAMA,1710
021/09/11,021,KOTA BHARU,09,KOTA LAMA,11,BANDAR,2451
021/09/12,021,KOTA BHARU,09,KOTA LAMA,12,PADANG GARONG,3252
021/09/13,021,KOTA BHARU,09,KOTA LAMA,13,KOTA LAMA,2078
021/10/01,021,KOTA BHARU,10,BUNUT PAYONG,01,KUBOR KUDA,3035
021/10/02,021,KOTA BHARU,10,BUNUT PAYONG,02,WAKAF SIKU,1421
021/10/03,021,KOTA BHARU,10,BUNUT PAYONG,03,KG SIREH BAWAH LEMBAH,3020
021/10/04,021,KOTA BHARU,10,BUNUT PAYONG,04,JALAN RAJA DEWA,1834
021/10/05,021,KOTA BHARU,10,BUNUT PAYONG,05,TELIPOT,2228
021/10/06,021,KOTA BHARU,10,BUNUT PAYONG,06,LUNDANG,3101
021/10/07,021,KOTA BHARU,10,BUNUT PAYONG,07,KAMPUNG BELUKAR,1929
021/10/08,021,KOTA BHARU,10,BUNUT PAYONG,08,BUNUT PAYONG,2347
021/10/09,021,KOTA BHARU,10,BUNUT PAYONG,09,BUNUT PAYONG HILIR,2104
021/10/10,021,KOTA BHARU,10,BUNUT PAYONG,10,PINTU GENG,3896
021/10/11,021,KOTA BHARU,10,BUNUT PAYONG,11,KOTA UTARA,2070
022/11/01,022,PASIR MAS,11,TENDONG,01,KEDONDONG,634
022/11/02,022,PASIR MAS,11,TENDONG,02,PANGKAL KALA,1689
022/11/03,022,PASIR MAS,11,TENDONG,03,BECHAH SEMAK,2125
022/11/04,022,PASIR MAS,11,TENDONG,04,TELIAR,1576
022/11/05,022,PASIR MAS,11,TENDONG,05,BECHAH MENERONG,1163
022/11/06,022,PASIR MAS,11,TENDONG,06,BUNUT SUSU,1591
022/11/07,022,PASIR MAS,11,TENDONG,07,BECHAH DURIAN,1056
022/11/08,022,PASIR MAS,11,TENDONG,08,PADANG EMBON,1565
022/11/09,022,PASIR MAS,11,TENDONG,09,KAMPUNG PALOH,1189
022/11/10,022,PASIR MAS,11,TENDONG,10,HUTAN CHENGAL,1444
022/11/11,022,PASIR MAS,11,TENDONG,11,KUBANG SEPAT,959
022/11/12,022,PASIR MAS,11,TENDONG,12,TENDONG,2702
022/11/13,022,PASIR MAS,11,TENDONG,13,KAMPUNG HUTAN PASIR,1611
022/11/14,022,PASIR MAS,11,TENDONG,14,SAKAR,1823
022/12/01,022,PASIR MAS,12,PENGKALAN PASIR,01,KASA,3879
022/12/02,022,PASIR MAS,12,PENGKALAN PASIR,02,SLOW MACHANG,3588
022/12/03,022,PASIR MAS,12,PENGKALAN PASIR,03,KUBANG BEMBAN,3367
022/12/04,022,PASIR MAS,12,PENGKALAN PASIR,04,PENGKALAN PASIR,2442
022/12/05,022,PASIR MAS,12,PENGKALAN PASIR,05,BANDAR PASIR MAS,1897
022/12/06,022,PASIR MAS,12,PENGKALAN PASIR,06,KAMPUNG BHARU,2845
022/12/07,022,PASIR MAS,12,PENGKALAN PASIR,07,KAMPUNG DANGAR,2532
022/12/08,022,PASIR MAS,12,PENGKALAN PASIR,08,KUBANG BADAK,1934
022/12/09,022,PASIR MAS,12,PENGKALAN PASIR,09,BANGGOL CHICHA,3348
022/13/01,022,PASIR MAS,13,MERANTI,01,KAMPUNG CHAT,2429
022/13/02,022,PASIR MAS,13,MERANTI,02,MERANTI,2482
022/13/03,022,PASIR MAS,13,MERANTI,03,MERANTI KECHIL,1269
022/13/04,022,PASIR MAS,13,MERANTI,04,POHON BULOH,2346
022/13/05,022,PASIR MAS,13,MERANTI,05,KAMPUNG LALANG,906
022/13/06,022,PASIR MAS,13,MERANTI,06,BAKONG,1371
022/13/07,022,PASIR MAS,13,MERANTI,07,POHON TANJONG,1795
022/13/08,022,PASIR MAS,13,MERANTI,08,KAMPUNG SIRAM,1244
022/13/09,022,PASIR MAS,13,MERANTI,09,BANGGOL SETOL,1853
022/13/10,022,PASIR MAS,13,MERANTI,10,TASEK BERANGAN,1383
022/13/11,022,PASIR MAS,13,MERANTI,11,TOK SANGKUT,1008
022/13/12,022,PASIR MAS,13,MERANTI,12,JEJAWI,948
023/14/01,023,RANTAU PANJANG,14,CHETOK,01,TANJONG REDANG,1447
023/14/02,023,RANTAU PANJANG,14,CHETOK,02,LEMAL,1570
023/14/03,023,RANTAU PANJANG,14,CHETOK,03,LUBOK TAPAH,1498
023/14/04,023,RANTAU PANJANG,14,CHETOK,04,KELAR,2137
023/14/05,023,RANTAU PANJANG,14,CHETOK,05,KANGKONG,1230
023/14/06,023,RANTAU PANJANG,14,CHETOK,06,BINJAL,750
023/14/07,023,RANTAU PANJANG,14,CHETOK,07,CHETOK,1573
023/14/08,023,RANTAU PANJANG,14,CHETOK,08,GELAM,3482
023/14/09,023,RANTAU PANJANG,14,CHETOK,09,BENDANG PAUH,747
023/14/10,023,RANTAU PANJANG,14,CHETOK,10,GALOK,2211
023/14/11,023,RANTAU PANJANG,14,CHETOK,11,RASAL,782
023/14/12,023,RANTAU PANJANG,14,CHETOK,12,BECHAH KELUBI,2154
023/14/13,023,RANTAU PANJANG,14,CHETOK,13,JABO,916
023/14/14,023,RANTAU PANJANG,14,CHETOK,14,KUBANG GENDANG,1490
023/15/01,023,RANTAU PANJANG,15,GUAL PERIOK,01,LUBOK GONG,2598
023/15/02,023,RANTAU PANJANG,15,GUAL PERIOK,02,KEDAI GUAL PERIOK,854
023/15/03,023,RANTAU PANJANG,15,GUAL PERIOK,03,BAKAT,1744
023/15/04,023,RANTAU PANJANG,15,GUAL PERIOK,04,GUAL SITOK,2014
023/15/05,023,RANTAU PANJANG,15,GUAL PERIOK,05,KEDAI LAMA,1979
023/15/06,023,RANTAU PANJANG,15,GUAL PERIOK,06,PEKAN RANTAU PANJANG,3085
023/15/07,023,RANTAU PANJANG,15,GUAL PERIOK,07,BANGGOL KULIM,3260
023/15/08,023,RANTAU PANJANG,15,GUAL PERIOK,08,KUBANG KUAL,836
023/15/09,023,RANTAU PANJANG,15,GUAL PERIOK,09,KUALA ITEK,1527
023/15/10,023,RANTAU PANJANG,15,GUAL PERIOK,10,LUBOK SETOL,1817
023/15/11,023,RANTAU PANJANG,15,GUAL PERIOK,11,KAMPUNG RAHMAT,674
023/15/12,023,RANTAU PANJANG,15,GUAL PERIOK,12,BUKIT TANDAK,1588
023/16/01,023,RANTAU PANJANG,16,BUKIT TUKU,01,REPEK,2687
023/16/02,023,RANTAU PANJANG,16,BUKIT TUKU,02,LATI,2538
023/16/03,023,RANTAU PANJANG,16,BUKIT TUKU,03,TAMAN,2387
023/16/04,023,RANTAU PANJANG,16,BUKIT TUKU,04,CHICHA TINGGI,2018
023/16/05,023,RANTAU PANJANG,16,BUKIT TUKU,05,CHERANG HANGUS,539
023/16/06,023,RANTAU PANJANG,16,BUKIT TUKU,06,NIBONG,1451
023/16/07,023,RANTAU PANJANG,16,BUKIT TUKU,07,PENGKALAN MACHANG,361
023/16/08,023,RANTAU PANJANG,16,BUKIT TUKU,08,KAMPUNG BUJOK,1278
023/16/09,023,RANTAU PANJANG,16,BUKIT TUKU,09,BATU KARANG,925
023/16/10,023,RANTAU PANJANG,16,BUKIT TUKU,10,BAROH PIAL,933
023/16/11,023,RANTAU PANJANG,16,BUKIT TUKU,11,BUKIT TUKU,1262
023/16/12,023,RANTAU PANJANG,16,BUKIT TUKU,12,CHANDAN,175
024/17/01,024,KUBANG KERIAN,17,SALOR,01,WAKAF ZAIN,548
024/17/02,024,KUBANG KERIAN,17,SALOR,02,KOTA SELATAN,1975
024/17/03,024,KUBANG KERIAN,17,SALOR,03,PENDEK,2010
024/17/04,024,KUBANG KERIAN,17,SALOR,04,LARAK,1172
024/17/05,024,KUBANG KERIAN,17,SALOR,05,MULONG,1828
024/17/06,024,KUBANG KERIAN,17,SALOR,06,NILAM BARU,1255
024/17/07,024,KUBANG KERIAN,17,SALOR,07,LUBOK JAMBU,890
024/17/08,024,KUBANG KERIAN,17,SALOR,08,BETA HILIR,1777
024/17/09,024,KUBANG KERIAN,17,SALOR,09,TELOK KANDIS,1067
024/17/10,024,KUBANG KERIAN,17,SALOR,10,SALOR,1989
024/17/11,024,KUBANG KERIAN,17,SALOR,11,KAMPUNG KUBANG RAWA,2058
024/17/12,024,KUBANG KERIAN,17,SALOR,12,SEBERANG PASIR MAS,1868
024/17/13,024,KUBANG KERIAN,17,SALOR,13,PENGKALAN KUBOR,1318
024/17/14,024,KUBANG KERIAN,17,SALOR,14,DEWAN,1571
024/17/15,024,KUBANG KERIAN,17,SALOR,15,KAMPUNG KOR,1680
024/17/16,024,KUBANG KERIAN,17,SALOR,16,BETA HULU,1529
024/17/17,024,KUBANG KERIAN,17,SALOR,17,KEDAI PIAH,1773
024/18/01,024,KUBANG KERIAN,18,BANDAR BARU TUNJONG,01,KAMPUNG WAKAF CHE YEH,1927
024/18/02,024,KUBANG KERIAN,18,BANDAR BARU TUNJONG,02,PADANG ENGGANG,2002
024/18/03,024,KUBANG KERIAN,18,BANDAR BARU TUNJONG,03,PASIR HOR,2413
024/18/04,024,KUBANG KERIAN,18,BANDAR BARU TUNJONG,04,TIONG,1945
024/18/05,024,KUBANG KERIAN,18,BANDAR BARU TUNJONG,05,TUNJONG,1659
024/18/06,024,KUBANG KERIAN,18,BANDAR BARU TUNJONG,06,KAMPUNG PARIT,2087
024/18/07,024,KUBANG KERIAN,18,BANDAR BARU TUNJONG,07,LATING,1811
024/18/08,024,KUBANG KERIAN,18,BANDAR BARU TUNJONG,08,GUNTONG,1739
024/18/09,024,KUBANG KERIAN,18,BANDAR BARU TUNJONG,09,PASIR TUMBOH,2387
024/18/10,024,KUBANG KERIAN,18,BANDAR BARU TUNJONG,10,KAMPUNG TERUSAN,1517
024/18/11,024,KUBANG KERIAN,18,BANDAR BARU TUNJONG,11,GONG DERMIN,1777
024/18/12,024,KUBANG KERIAN,18,BANDAR BARU TUNJONG,12,KAMPUNG PADANG,2280
024/19/01,024,KUBANG KERIAN,19,DEMIT,01,DEMIT,2567
024/19/02,024,KUBANG KERIAN,19,DEMIT,02,WAKAF TANJONG,1716
024/19/03,024,KUBANG KERIAN,19,DEMIT,03,KENALI,4403
024/19/04,024,KUBANG KERIAN,19,DEMIT,04,PULONG,1172
024/19/05,024,KUBANG KERIAN,19,DEMIT,05,KAMPUNG CHICHA,2265
024/19/06,024,KUBANG KERIAN,19,DEMIT,06,KAMPUNG WAKAF STAN,2322
024/19/07,024,KUBANG KERIAN,19,DEMIT,07,BINJAI,2096
024/19/08,024,KUBANG KERIAN,19,DEMIT,08,MENTUAN,1495
024/19/09,024,KUBANG KERIAN,19,DEMIT,09,LUBOK PUKOL,1981
024/19/10,024,KUBANG KERIAN,19,DEMIT,10,BANGGU,1300
024/19/11,024,KUBANG KERIAN,19,DEMIT,11,MENTERA,1603
025/20/01,025,BACHOK,20,TAWANG,01,SENAK,2012
025/20/02,025,BACHOK,20,TAWANG,02,WAKAF AIK,1378
025/20/03,025,BACHOK,20,TAWANG,03,TAWANG,2208
025/20/04,025,BACHOK,20,TAWANG,04,BERIS GAJAH MATI,1865
025/20/05,025,BACHOK,20,TAWANG,05,KUBANG GOLOK,2764
025/20/06,025,BACHOK,20,TAWANG,06,ANAK TEMBESU,1201
025/20/07,025,BACHOK,20,TAWANG,07,KAMPUNG TOK JAWA,2043
025/20/08,025,BACHOK,20,TAWANG,08,TELOK MESIRA,978
025/20/09,025,BACHOK,20,TAWANG,09,PAUH SEMBILAN,3273
025/20/10,025,BACHOK,20,TAWANG,10,TOK BELIAN,1330
025/20/11,025,BACHOK,20,TAWANG,11,BERIS,2194
025/20/12,025,BACHOK,20,TAWANG,12,TANJONG JERING,903
025/20/13,025,BACHOK,20,TAWANG,13,TANJONG PAUH,2040
025/20/14,025,BACHOK,20,TAWANG,14,CHAP,1808
025/20/15,025,BACHOK,20,TAWANG,15,BUKIT MARAK,1718
025/21/01,025,BACHOK,21,PANTAI IRAMA,01,PERUPOK,3337
025/21/02,025,BACHOK,21,PANTAI IRAMA,02,PANTAI DAMAT,1543
025/21/03,025,BACHOK,21,PANTAI IRAMA,03,KAMPUNG SUNGAI,1370
025/21/04,025,BACHOK,21,PANTAI IRAMA,04,PANTAI IRAMA,1063
025/21/05,025,BACHOK,21,PANTAI IRAMA,05,KAMPUNG KEMUDI,1714
025/21/06,025,BACHOK,21,PANTAI IRAMA,06,PAYA TERATAI,1276
025/21/07,025,BACHOK,21,PANTAI IRAMA,07,KAMPUNG NIPAH,1853
025/21/08,025,BACHOK,21,PANTAI IRAMA,08,PADANG CHINA,1403
025/21/09,025,BACHOK,21,PANTAI IRAMA,09,KUAU,928
025/21/10,025,BACHOK,21,PANTAI IRAMA,10,BADAK,1804
025/21/11,025,BACHOK,21,PANTAI IRAMA,11,MELAWI,1587
025/21/12,025,BACHOK,21,PANTAI IRAMA,12,KAMPUNG SUNGAI DUA,1102
025/21/13,025,BACHOK,21,PANTAI IRAMA,13,TANGOK,1803
025/21/14,025,BACHOK,21,PANTAI IRAMA,14,RUSA,1462
025/21/15,025,BACHOK,21,PANTAI IRAMA,15,TELONG,1208
025/21/16,025,BACHOK,21,PANTAI IRAMA,16,KANDIS,2286
025/21/17,025,BACHOK,21,PANTAI IRAMA,17,BERIS LALANG,1684
025/21/18,025,BACHOK,21,PANTAI IRAMA,18,KAMPUNG REDANG,1148
025/22/01,025,BACHOK,22,IELAWAT,01,BEKELAM,1953
025/22/02,025,BACHOK,22,IELAWAT,02,KUCHELONG,1524
025/22/03,025,BACHOK,22,IELAWAT,03,KAMPUNG BATOR,1845
025/22/04,025,BACHOK,22,IELAWAT,04,JELAWAT TENGAH,1515
025/22/05,025,BACHOK,22,IELAWAT,05,TERATAK PULAI,2218
025/22/06,025,BACHOK,22,IELAWAT,06,KEDAI PAUH LIMA,1583
025/22/07,025,BACHOK,22,IELAWAT,07,GUNONG,1722
025/22/08,025,BACHOK,22,IELAWAT,08,TELAGA ARA,1589
025/22/09,025,BACHOK,22,IELAWAT,09,KETING,1950
025/22/10,025,BACHOK,22,IELAWAT,10,ALOR BAKAT,1372
025/22/11,025,BACHOK,22,IELAWAT,11,MAHLIGAI,1859
025/22/12,025,BACHOK,22,IELAWAT,12,PAK BADOL,1414
025/22/13,025,BACHOK,22,IELAWAT,13,SERDANG,931
025/22/14,025,BACHOK,22,IELAWAT,14,KOLAM,1291
025/22/15,025,BACHOK,22,IELAWAT,15,KUBANG TELAGA,1056
025/22/16,025,BACHOK,22,IELAWAT,16,KAMPUNG BAKONG,1174
025/22/17,025,BACHOK,22,IELAWAT,17,SENENG,1857
026/23/01,026,KETEREH,23,MELOR,01,PERINGAT,2114
026/23/02,026,KETEREH,23,MELOR,02,BECHAH KERANJI,2424
026/23/03,026,KETEREH,23,MELOR,03,PADANG KALA,3071
026/23/04,026,KETEREH,23,MELOR,04,BADAK MATI,2974
026/23/05,026,KETEREH,23,MELOR,05,TEGAYONG,2390
026/23/06,026,KETEREH,23,MELOR,06,MELOR LAMA,1291
026/23/07,026,KETEREH,23,MELOR,07,MELOR,1292
026/23/08,026,KETEREH,23,MELOR,08,PADANG RAJA,1724
026/24/01,026,KETEREH,24,KADOK,01,PEROL,2016
026/24/02,026,KETEREH,24,KADOK,02,PANGKAL PISANG,1217
026/24/03,026,KETEREH,24,KADOK,03,BERANGAN,1054
026/24/04,026,KETEREH,24,KADOK,04,KADOK,2304
026/24/05,026,KETEREH,24,KADOK,05,KAMPUNG TALANG,889
026/24/06,026,KETEREH,24,KADOK,06,BINJAL,2837
026/24/07,026,KETEREH,24,KADOK,07,DUSUN RENDAH,2123
026/24/08,026,KETEREH,24,KADOK,08,BUT CHENGAL,1681
026/24/09,026,KETEREH,24,KADOK,09,LACHANG,661
026/24/10,026,KETEREH,24,KADOK,10,BULOH POH,1281
026/25/01,026,KETEREH,25,KOK LANAS,01,KAMPUNG GONDANG,2372
026/25/02,026,KETEREH,25,KOK LANAS,02,PADANG TENGAH,573
026/25/03,026,KETEREH,25,KOK LANAS,03,HUTAN PASIR,1294
026/25/04,026,KETEREH,25,KOK LANAS,04,KETEREH,3636
026/25/05,026,KETEREH,25,KOK LANAS,05,PADANG LEMBEK,1383
026/25/06,026,KETEREH,25,KOK LANAS,06,KAMPUNG BATU TINGGI,1340
026/25/07,026,KETEREH,25,KOK LANAS,07,SETEK,950
026/25/08,026,KETEREH,25,KOK LANAS,08,KEDAI KOK LANAS,6857
026/25/09,026,KETEREH,25,KOK LANAS,09,KAMPUNG GUNTONG,1087
026/25/10,026,KETEREH,25,KOK LANAS,10,PANGKAL KALONG,1606
026/25/11,026,KETEREH,25,KOK LANAS,11,KAMPUNG SOKOR,1881
027/26/01,027,TANAH MERAH,26,BUKIT PANAU,01,KAMPUNG PALOH,1156
027/26/02,027,TANAH MERAH,26,BUKIT PANAU,02,BUKIT PANAU,2477
027/26/03,027,TANAH MERAH,26,BUKIT PANAU,03,KAMPUNG BELIMBING,2823
027/26/04,027,TANAH MERAH,26,BUKIT PANAU,04,BANGGOL KEMUNTING,1397
027/26/05,027,TANAH MERAH,26,BUKIT PANAU,05,PADANG SIAM,2128
027/26/06,027,TANAH MERAH,26,BUKIT PANAU,06,KELEWEK,1686
027/26/07,027,TANAH MERAH,26,BUKIT PANAU,07,MANAL,2247
027/26/08,027,TANAH MERAH,26,BUKIT PANAU,08,BANGGOL,3715
027/26/09,027,TANAH MERAH,26,BUKIT PANAU,09,KAMPUNG SAT,2545
027/26/10,027,TANAH MERAH,26,BUKIT PANAU,10,TANAH MERAH PEKAN,2525
027/26/11,027,TANAH MERAH,26,BUKIT PANAU,11,PONDOK,3574
027/26/12,027,TANAH MERAH,26,BUKIT PANAU,12,TEPI SUNGAI,1227
027/26/13,027,TANAH MERAH,26,BUKIT PANAU,13,BATU HITAM,1451
027/27/01,027,TANAH MERAH,27,GUAL IPOH,01,TEBING TINGGI,2108
027/27/02,027,TANAH MERAH,27,GUAL IPOH,02,BECHAH LAUT,1281
027/27/03,027,TANAH MERAH,27,GUAL IPOH,03,TERASIL,1935
027/27/04,027,TANAH MERAH,27,GUAL IPOH,04,KUALA PAKU,1577
027/27/05,027,TANAH MERAH,27,GUAL IPOH,05,TOK CHE DOL,1228
027/27/06,027,TANAH MERAH,27,GUAL IPOH,06,PEKAN GUAL IPOH,1313
027/27/07,027,TANAH MERAH,27,GUAL IPOH,07,ULU KUSIAL,1314
027/27/08,027,TANAH MERAH,27,GUAL IPOH,08,KONGSI LIMA,1094
027/27/09,027,TANAH MERAH,27,GUAL IPOH,09,KERILLA,641
027/27/10,027,TANAH MERAH,27,GUAL IPOH,10,BUKIT DURIAN,2172
027/27/11,027,TANAH MERAH,27,GUAL IPOH,11,KUALA TIGA,1438
027/27/12,027,TANAH MERAH,27,GUAL IPOH,12,KG PERALLA,901
027/27/13,027,TANAH MERAH,27,GUAL IPOH,13,BLOK SOKOR,769
027/28/01,027,TANAH MERAH,28,KEMAHANG,01,BUKIT MAS,2337
027/28/02,027,TANAH MERAH,28,KEMAHANG,02,BUKIT GADING,1305
027/28/03,027,TANAH MERAH,28,KEMAHANG,03,BENDANG NYIOR,2109
027/28/04,027,TANAH MERAH,28,KEMAHANG,04,FELDA KEMAHANG 2,1720
027/28/05,027,TANAH MERAH,28,KEMAHANG,05,FELDA KEMAHANG 3,2065
027/28/06,027,TANAH MERAH,28,KEMAHANG,06,FELDA KEMAHANG 1,2402
027/28/07,027,TANAH MERAH,28,KEMAHANG,07,BATANG MERBAU,2746
028/29/01,028,PASIR PUTEH,29,SELISING,01,KEDAI MENANTI,2311
028/29/02,028,PASIR PUTEH,29,SELISING,02,DANAN,2357
028/29/03,028,PASIR PUTEH,29,SELISING,03,BUKIT MERBAU,1356
028/29/04,028,PASIR PUTEH,29,SELISING,04,TUALANG,771
028/29/05,028,PASIR PUTEH,29,SELISING,05,TASIK PAUH,769
028/29/06,028,PASIR PUTEH,29,SELISING,06,SELISING,1986
028/29/07,028,PASIR PUTEH,29,SELISING,07,PADANG PAK OMAR,988
028/29/08,028,PASIR PUTEH,29,SELISING,08,BUKIT BIDANG,1030
028/29/09,028,PASIR PUTEH,29,SELISING,09,BANIR BELIKONG,1447
028/29/10,028,PASIR PUTEH,29,SELISING,10,BUKIT ABAL,2168
028/29/11,028,PASIR PUTEH,29,SELISING,11,BERANGAN,1380
028/29/12,028,PASIR PUTEH,29,SELISING,12,ALOR GELIONG,1893
028/29/13,028,PASIR PUTEH,29,SELISING,13,KAMPUNG SELIGI,1143
028/30/01,028,PASIR PUTEH,30,LIMBONGAN,01,JELOR,1562
028/30/02,028,PASIR PUTEH,30,LIMBONGAN,02,KAMPUNG NARA,1353
028/30/03,028,PASIR PUTEH,30,LIMBONGAN,03,KAMPUNG MERKANG,1346
028/30/04,028,PASIR PUTEH,30,LIMBONGAN,04,PADANG PAK AMAT,2109
028/30/05,028,PASIR PUTEH,30,LIMBONGAN,05,PANGGONG,2287
028/30/06,028,PASIR PUTEH,30,LIMBONGAN,06,PERMATANG SUNGKAI,1437
028/30/07,028,PASIR PUTEH,30,LIMBONGAN,07,CHERANG TULI,2242
028/30/08,028,PASIR PUTEH,30,LIMBONGAN,08,SARING,1516
028/30/09,028,PASIR PUTEH,30,LIMBONGAN,09,ALOR PASIR,2961
028/30/10,028,PASIR PUTEH,30,LIMBONGAN,10,GONG SERAPAT,1869
028/30/11,028,PASIR PUTEH,30,LIMBONGAN,11,BANDAR PASIR PUTEH,2398
028/30/12,028,PASIR PUTEH,30,LIMBONGAN,12,DALAM KEMUNTING,977
028/30/13,028,PASIR PUTEH,30,LIMBONGAN,13,KAMPUNG RAJA,1186
028/31/01,028,PASIR PUTEH,31,SEMERAK,01,TOK BALI,2556
028/31/02,028,PASIR PUTEH,31,SEMERAK,02,KAMPUNG LEMBAH,2197
028/31/03,028,PASIR PUTEH,31,SEMERAK,03,GONG KULIM,1952
028/31/04,028,PASIR PUTEH,31,SEMERAK,04,BUKIT TANAH,465
028/31/05,028,PASIR PUTEH,31,SEMERAK,05,GONG MANOK,1213
028/31/06,028,PASIR PUTEH,31,SEMERAK,06,PEKAN CHERANG RUKU,2915
028/31/07,028,PASIR PUTEH,31,SEMERAK,07,DALAM RHU,2896
028/31/08,028,PASIR PUTEH,31,SEMERAK,08,GONG TAPANG,517
028/31/09,028,PASIR PUTEH,31,SEMERAK,09,PULAU LIMA,1223
028/31/10,028,PASIR PUTEH,31,SEMERAK,10,SUNGAI PETAI,2889
028/32/01,028,PASIR PUTEH,32,GAAL,01,TEMILA,1238
028/32/02,028,PASIR PUTEH,32,GAAL,02,GONG DATOK,1350
028/32/03,028,PASIR PUTEH,32,GAAL,03,GAAL,1749
028/32/04,028,PASIR PUTEH,32,GAAL,04,BUKIT AWANG,902
028/32/05,028,PASIR PUTEH,32,GAAL,05,GONG NANGKA,1844
028/32/06,028,PASIR PUTEH,32,GAAL,06,BUKIT YONG,566
028/32/07,028,PASIR PUTEH,32,GAAL,07,KANDIS,1774
028/32/08,028,PASIR PUTEH,32,GAAL,08,BATU HITAM,1636
028/32/09,028,PASIR PUTEH,32,GAAL,09,JERAM,1286
028/32/10,028,PASIR PUTEH,32,GAAL,10,TELIPOK,957
028/32/11,028,PASIR PUTEH,32,GAAL,11,TELOSAN,1910
028/32/12,028,PASIR PUTEH,32,GAAL,12,GONG GARU,1403
029/33/01,029,MACHANG,33,PULAI CHONDONG,01,KAMPUNG BANDAR,1736
029/33/02,029,MACHANG,33,PULAI CHONDONG,02,ALOR MELAKA,2015
029/33/03,029,MACHANG,33,PULAI CHONDONG,03,MERBAU CHONDONG,1720
029/33/04,029,MACHANG,33,PULAI CHONDONG,04,KEDAI PULAI CHONDONG,1051
029/33/05,029,MACHANG,33,PULAI CHONDONG,05,PANGKAL GONG,1476
029/33/06,029,MACHANG,33,PULAI CHONDONG,06,KERAWANG,873
029/33/07,029,MACHANG,33,PULAI CHONDONG,07,BAGAN,1277
029/33/08,029,MACHANG,33,PULAI CHONDONG,08,KAMPUNG TOK BOK,1443
029/33/09,029,MACHANG,33,PULAI CHONDONG,09,JOH,1884
029/33/10,029,MACHANG,33,PULAI CHONDONG,10,LABOK,2080
029/33/11,029,MACHANG,33,PULAI CHONDONG,11,KAMPUNG BINJAI,1336
029/33/12,029,MACHANG,33,PULAI CHONDONG,12,DEWAN,2271
029/34/01,029,MACHANG,34,TEMANGAN,01,SIMPUL BERLUBANG,1257
029/34/02,029,MACHANG,34,TEMANGAN,02,KELAWEH,1958
029/34/03,029,MACHANG,34,TEMANGAN,03,PANGKAL MELERET,2080
029/34/04,029,MACHANG,34,TEMANGAN,04,PAK ROMAN,667
029/34/05,029,MACHANG,34,TEMANGAN,05,BATU 30,2016
029/34/06,029,MACHANG,34,TEMANGAN,06,PALOH RAWA,1980
029/34/07,029,MACHANG,34,TEMANGAN,07,PANGKAL CHUIT,2233
029/34/08,029,MACHANG,34,TEMANGAN,08,KAMPUNG RAJA,1466
029/34/09,029,MACHANG,34,TEMANGAN,09,KAMPUNG PAUH,836
029/34/10,029,MACHANG,34,TEMANGAN,10,BANDAR TEMANGAN,1959
029/34/11,029,MACHANG,34,TEMANGAN,11,KAMPUNG KERILLA,2159
029/35/01,029,MACHANG,35,KEMUNING,01,KWENG HITAM,3529
029/35/02,029,MACHANG,35,KEMUNING,02,PANGKAL CHANGGONG,1297
029/35/03,029,MACHANG,35,KEMUNING,03,BANDAR LAMA,1303
029/35/04,029,MACHANG,35,KEMUNING,04,BANDAR BHARU,1223
029/35/05,029,MACHANG,35,KEMUNING,05,BUKIT TIU,1630
029/35/06,029,MACHANG,35,KEMUNING,06,SUNGAI HALA,3244
029/35/07,029,MACHANG,35,KEMUNING,07,KEMUNING,2336
029/35/08,029,MACHANG,35,KEMUNING,08,BAKAR,1668
029/35/09,029,MACHANG,35,KEMUNING,09,CHERANG HANGUS,945
029/35/10,029,MACHANG,35,KEMUNING,10,KAMPUNG PEK,1571
029/35/11,029,MACHANG,35,KEMUNING,11,KAMPUNG BUNUT,1438
029/35/12,029,MACHANG,35,KEMUNING,12,ULU SAT,1271
029/35/13,029,MACHANG,35,KEMUNING,13,BANGGOL JUDAH,1520
030/36/01,030,JELI,36,BUKIT BUNGA,01,BUKIT BUNGA,1903
030/36/02,030,JELI,36,BUKIT BUNGA,02,JAKAR,1184
030/36/03,030,JELI,36,BUKIT BUNGA,03,NIBONG,1096
030/36/04,030,JELI,36,BUKIT BUNGA,04,JEDOK TUA,988
030/36/05,030,JELI,36,BUKIT BUNGA,05,LALANG PEPUYU,1422
030/36/06,030,JELI,36,BUKIT BUNGA,06,BATU GAJAH,2433
030/36/07,030,JELI,36,BUKIT BUNGA,07,ASAHAN,2393
030/36/08,030,JELI,36,BUKIT BUNGA,08,LAWANG,2577
030/36/09,030,JELI,36,BUKIT BUNGA,09,GUAL JEDOK,934
030/36/10,030,JELI,36,BUKIT BUNGA,10,AIR CANAL,891
030/37/01,030,JELI,37,AIR LANAS,01,KALAI,1105
030/37/02,030,JELI,37,AIR LANAS,02,GUNONG,1661
030/37/03,030,JELI,37,AIR LANAS,03,BANDAR JELI,2785
030/37/04,030,JELI,37,AIR LANAS,04,GEMANG,2390
030/37/05,030,JELI,37,AIR LANAS,05,AIR LANAS,1563
030/37/06,030,JELI,37,AIR LANAS,06,LEGEH,815
030/37/07,030,JELI,37,AIR LANAS,07,SUNGAI SATAN,1096
030/37/08,030,JELI,37,AIR LANAS,08,BERDANG,2167
030/37/09,030,JELI,37,AIR LANAS,09,POS SUNGAI RUAL,257
030/37/10,030,JELI,37,AIR LANAS,10,KEDAI AIR LANAS,1713
030/38/01,030,JELI,38,KUALA BALAH,01,BATU MELINTANG,2143
030/38/02,030,JELI,38,KUALA BALAH,02,PENDOK,989
030/38/03,030,JELI,38,KUALA BALAH,03,SUNGAI LONG,788
030/38/04,030,JELI,38,KUALA BALAH,04,LUBOK BONGOR,1855
030/38/05,030,JELI,38,KUALA BALAH,05,KUBOR DATU,1319
030/38/06,030,JELI,38,KUALA BALAH,06,JERIMBONG,2118
030/38/07,030,JELI,38,KUALA BALAH,07,KEDAI KUALA BALAH,1266
030/38/08,030,JELI,38,KUALA BALAH,08,KAMPUNG BHARU TG.ABD.RAHMAN PUTRA,1382
031/39/01,031,KUALA KRAI,39,MENGKEBANG,01,PASIR KELANG,1166
031/39/02,031,KUALA KRAI,39,MENGKEBANG,02,KUALA NAL,1058
031/39/03,031,KUALA KRAI,39,MENGKEBANG,03,BUKIT SIREH,1686
031/39/04,031,KUALA KRAI,39,MENGKEBANG,04,BATU JONG,1381
031/39/05,031,KUALA KRAI,39,MENGKEBANG,05,KEROH,922
031/39/06,031,KUALA KRAI,39,MENGKEBANG,06,PASIR GAJAH,1753
031/39/07,031,KUALA KRAI,39,MENGKEBANG,07,TELEKONG,1633
031/39/08,031,KUALA KRAI,39,MENGKEBANG,08,SUNGAI DURIAN,2600
031/39/09,031,KUALA KRAI,39,MENGKEBANG,09,CHENULANG,1902
031/39/10,031,KUALA KRAI,39,MENGKEBANG,10,R.K.T. MENGKEBANG,3004
031/39/11,031,KUALA KRAI,39,MENGKEBANG,11,R.P.T SUNGAI PAS,1363
031/40/01,031,KUALA KRAI,40,GUCHIL,01,LADANG TAKU,308
031/40/02,031,KUALA KRAI,40,GUCHIL,02,KAMPUNG BHARU GUCHIL UTARA,2254
031/40/03,031,KUALA KRAI,40,GUCHIL,03,SRI GUCHIL,1610
031/40/04,031,KUALA KRAI,40,GUCHIL,04,KAMPUNG BHARU GUCHIL TENGAH,1930
031/40/05,031,KUALA KRAI,40,GUCHIL,05,KAMPUNG BHARU GUCHIL SELATAN,1665
031/40/06,031,KUALA KRAI,40,GUCHIL,06,BANDAR KUALA KRAI,2639
031/40/07,031,KUALA KRAI,40,GUCHIL,07,KG HAMZAH,1390
031/40/08,031,KUALA KRAI,40,GUCHIL,08,RKT BAHAGIA,822
031/40/09,031,KUALA KRAI,40,GUCHIL,09,TUALANG,994
031/40/10,031,KUALA KRAI,40,GUCHIL,10,KENOR,2384
031/40/11,031,KUALA KRAI,40,GUCHIL,11,KUALA PAHI,1995
031/40/12,031,KUALA KRAI,40,GUCHIL,12,PAHI,1329
031/41/01,031,KUALA KRAI,41,MANEK URAI,01,TEMALIR,1367
031/41/02,031,KUALA KRAI,41,MANEK URAI,02,SUNGAI PERIAL,2324
031/41/03,031,KUALA KRAI,41,MANEK URAI,03,MANEK URAI LAMA,2376
031/41/04,031,KUALA KRAI,41,MANEK URAI,04,MANEK URAI BARU,1816
031/41/05,031,KUALA KRAI,41,MANEK URAI,05,SUNGAI SOK,1380
031/41/06,031,KUALA KRAI,41,MANEK URAI,06,CHUCHOH PUTERI,2027
031/41/07,031,KUALA KRAI,41,MANEK URAI,07,LATA REK,1640
031/41/08,031,KUALA KRAI,41,MANEK URAI,08,MANJOR,1442
031/41/09,031,KUALA KRAI,41,MANEK URAI,09,LALOH,2217
031/42/01,031,KUALA KRAI,42,DABONG,01,KANDEK,301
031/42/02,031,KUALA KRAI,42,DABONG,02,KUALA GRIS,1031
031/42/03,031,KUALA KRAI,42,DABONG,03,DABONG,1212
031/42/04,031,KUALA KRAI,42,DABONG,04,JELAWANG,1010
031/42/05,031,KUALA KRAI,42,DABONG,05,KEMUBU,1832
031/42/06,031,KUALA KRAI,42,DABONG,06,BINTANG,1210
031/42/07,031,KUALA KRAI,42,DABONG,07,BUKIT ABU,624
031/42/08,031,KUALA KRAI,42,DABONG,08,TEMIANG,876
031/42/09,031,KUALA KRAI,42,DABONG,09,KAMPUNG SUNGAI MEL,974
031/42/10,031,KUALA KRAI,42,DABONG,10,PEMBERIAN,732
031/42/11,031,KUALA KRAI,42,DABONG,11,OLAK JERAM,767
031/42/12,031,KUALA KRAI,42,DABONG,12,BIAK,312
032/43/01,032,GUA MUSANG,43,NENGGIRI,01,POS SIMPOR,261
032/43/02,032,GUA MUSANG,43,NENGGIRI,02,SUNGAI PUIAN,232
032/43/03,032,GUA MUSANG,43,NENGGIRI,03,SUNGAI JENERA,364
032/43/04,032,GUA MUSANG,43,NENGGIRI,04,TOHOI,223
032/43/05,032,GUA MUSANG,43,NENGGIRI,05,SUNGAI WIAS,198
032/43/06,032,GUA MUSANG,43,NENGGIRI,06,MERANTO,470
032/43/07,032,GUA MUSANG,43,NENGGIRI,07,JEREK,897
032/43/08,032,GUA MUSANG,43,NENGGIRI,08,BERTAM LAMA,304
032/43/09,032,GUA MUSANG,43,NENGGIRI,09,KUALA SUNGAI,212
032/43/10,032,GUA MUSANG,43,NENGGIRI,10,BERTAM BARU,909
032/43/11,032,GUA MUSANG,43,NENGGIRI,11,PASIR TUMBOH,533
032/43/12,032,GUA MUSANG,43,NENGGIRI,12,STAR,423
032/43/13,032,GUA MUSANG,43,NENGGIRI,13,KESEDAR LIMAU KASTURI,298
032/43/14,032,GUA MUSANG,43,NENGGIRI,14,LIMAU KASTURI,855
032/43/15,032,GUA MUSANG,43,NENGGIRI,15,LADANG SEDC,547
032/43/16,032,GUA MUSANG,43,NENGGIRI,16,SERIAN,373
032/43/17,032,GUA MUSANG,43,NENGGIRI,17,JERAM TEKOH,1429
032/43/18,032,GUA MUSANG,43,NENGGIRI,18,RENOK,1091
032/43/19,032,GUA MUSANG,43,NENGGIRI,19,SUNGAI ASAP,1193
032/43/20,032,GUA MUSANG,43,NENGGIRI,20,PERASU,1077
032/44/01,032,GUA MUSANG,44,PALOH,01,KESEDAR PALOH,999
032/44/02,032,GUA MUSANG,44,PALOH,02,PASIR LINGGI,210
032/44/03,032,GUA MUSANG,44,PALOH,03,FELDA SUNGAI CHIKU 3,2316
032/44/04,032,GUA MUSANG,44,PALOH,04,KESEDAR SUNGAI CHALIL,697
032/44/05,032,GUA MUSANG,44,PALOH,05,LEBIR,650
032/44/06,032,GUA MUSANG,44,PALOH,06,FELDA SUNGAI CHIKU 7,1449
032/44/07,032,GUA MUSANG,44,PALOH,07,KESEDAR PALOH 2,1252
032/44/08,032,GUA MUSANG,44,PALOH,08,KESEDAR PALOH 3,1123
032/44/09,032,GUA MUSANG,44,PALOH,09,FELDA SUNGAI CHIKU 1,1999
032/44/10,032,GUA MUSANG,44,PALOH,10,FELDA SUNGAI CHIKU 2,1370
032/44/11,032,GUA MUSANG,44,PALOH,11,ARING,1047
032/45/01,032,GUA MUSANG,45,GALAS,01,BIHAI,373
032/45/02,032,GUA MUSANG,45,GALAS,02,BELATIM,210
032/45/03,032,GUA MUSANG,45,GALAS,03,BALAR,282
032/45/04,032,GUA MUSANG,45,GALAS,04,HAU,307
032/45/05,032,GUA MUSANG,45,GALAS,05,SUNGAI BETIS,1224
032/45/06,032,GUA MUSANG,45,GALAS,06,SUNGAI TERAH,2532
032/45/07,032,GUA MUSANG,45,GALAS,07,BANDAR LAMA GUA MUSANG,1738
032/45/08,032,GUA MUSANG,45,GALAS,08,KAMPUNG BHARU,2401
032/45/09,032,GUA MUSANG,45,GALAS,09,BANDAR BARU GUA MUSANG,2580
032/45/10,032,GUA MUSANG,45,GALAS,10,LEPAN TUPAI,742
032/45/11,032,GUA MUSANG,45,GALAS,11,KAMPUNG PULAI,526
032/45/12,032,GUA MUSANG,45,GALAS,12,KAMPUNG BATU PAPAN,2435
032/45/13,032,GUA MUSANG,45,GALAS,13,BLAU,191
032/45/14,032,GUA MUSANG,45,GALAS,14,SUNGAI BER,532
032/45/15,032,GUA MUSANG,45,GALAS,15,LOJING,820